wallet,asset,block,collateral
0x1F4C1c2e610f089D6914c4448E6F21Cb0db3adeF,0xA1290d69c65A6Fe4DF752f95823fae25cB99e5A7,24908500,53000.000000003056
0x5d3919F12bCc35c26Eee5F8226A9bee90c257Ccc,0xA1290d69c65A6Fe4DF752f95823fae25cB99e5A7,24908500,0.0
0xBb6A6006Eb71205e977eCeb19FCaD1C8d631C787,0xA1290d69c65A6Fe4DF752f95823fae25cB99e5A7,24908500,0.0
0xeBA786C9517a4823A5cFD9c72e4E80BF8168129B,0xA1290d69c65A6Fe4DF752f95823fae25cB99e5A7,24908500,0.0
0xCBb24A6B4DAfaAA1a759A2F413eA0eB6AE1455CC,0xA1290d69c65A6Fe4DF752f95823fae25cB99e5A7,24908500,0.0
0x8d11AeAC74267DD5C56D371bf4AE1AFA174C2d49,0xA1290d69c65A6Fe4DF752f95823fae25cB99e5A7,24908500,400.000000000018
